lap_number,driver,position,lap_time,gap_ahead,tire_compound,tire_age,pit_stop,track_status
1,NOR,1,96.551,0.0,MEDIUM,1,False,Green
1,VER,2,97.167,0.616,MEDIUM,1,False,Green
1,PIA,3,97.773,1.222,MEDIUM,1,False,Green
1,LEC,4,98.3,1.749,MEDIUM,1,False,Green
1,RUS,5,98.651,2.1,SOFT,4,False,Green
1,SAI,6,99.284,2.733,MEDIUM,1,False,Green
1,ALO,7,100.026,3.475,MEDIUM,2,False,Green
1,HAM,8,100.664,4.113,MEDIUM,1,False,Green
1,GAS,9,101.014,4.463,MEDIUM,1,False,Green
1,ALB,10,101.364,4.813,MEDIUM,1,False,Green
1,STR,11,102.049,5.498,MEDIUM,2,False,Green
1,OCO,12,102.516,5.965,SOFT,1,False,Green
1,TSU,13,103.165,6.614,SOFT,1,False,Green
1,HUL,14,103.503,6.952,HARD,1,False,Green
1,SAR,15,103.792,7.241,MEDIUM,1,False,Green
1,PER,16,104.033,7.482,MEDIUM,1,False,Green
1,DEV,17,104.444,7.893,SOFT,1,False,Green
1,BOT,18,104.975,8.424,HARD,1,False,Green
1,ZHO,19,105.239,8.688,MEDIUM,1,False,Green
1,MAG,20,105.771,9.22,MEDIUM,1,False,Green
2,NOR,1,93.046,0.0,MEDIUM,2,False,Green
2,VER,2,93.433,1.003,MEDIUM,2,False,Green
2,PIA,3,93.845,2.021,MEDIUM,2,False,Green
2,LEC,4,93.994,2.697,MEDIUM,2,False,Green
2,RUS,5,94.115,3.169,SOFT,5,False,Green
2,SAI,6,94.177,3.864,MEDIUM,2,False,Green
2,ALO,7,94.419,4.848,MEDIUM,3,False,Green
2,HAM,8,94.361,5.428,MEDIUM,2,False,Green
2,GAS,9,94.706,6.123,MEDIUM,2,False,Green
2,ALB,10,95.004,6.771,MEDIUM,2,False,Green
2,STR,11,95.093,7.545,MEDIUM,3,False,Green
2,OCO,12,95.23,8.149,SOFT,2,False,Green
2,TSU,13,95.252,8.82,SOFT,2,False,Green
2,HUL,14,95.277,9.183,HARD,2,False,Green
2,PER,15,95.482,9.918,MEDIUM,2,False,Green
2,SAR,16,96.266,10.461,MEDIUM,2,False,Green
2,DEV,17,96.208,11.055,SOFT,2,False,Green
2,ZHO,18,95.912,11.554,MEDIUM,2,False,Green
2,BOT,19,96.741,12.119,HARD,2,False,Green
2,MAG,20,96.337,12.511,MEDIUM,2,False,Green
3,NOR,1,93.18,0.0,MEDIUM,3,False,Green
3,VER,2,92.73,0.553,MEDIUM,3,False,Green
3,PIA,3,92.499,1.34,MEDIUM,3,False,Green
3,LEC,4,92.934,2.451,MEDIUM,3,False,Green
3,RUS,5,93.096,3.085,SOFT,6,False,Green
3,SAI,6,93.456,4.14,MEDIUM,3,False,Green
3,ALO,7,93.424,5.092,MEDIUM,4,False,Green
3,HAM,8,93.662,5.91,MEDIUM,3,False,Green
3,GAS,9,93.605,6.548,MEDIUM,3,False,Green
3,ALB,10,93.809,7.4,MEDIUM,3,False,Green
3,STR,11,94.021,8.386,MEDIUM,4,False,Green
3,OCO,12,94.113,9.082,SOFT,3,False,Green
3,TSU,13,94.229,9.869,SOFT,3,False,Green
3,HUL,14,94.53,10.533,HARD,3,False,Green
3,PER,15,94.38,11.118,MEDIUM,3,False,Green
3,SAR,16,94.577,11.858,MEDIUM,3,False,Green
3,DEV,17,94.746,12.621,SOFT,3,False,Green
3,ZHO,18,94.679,13.053,MEDIUM,3,False,Green
3,BOT,19,94.865,13.804,HARD,3,False,Green
3,MAG,20,95.169,14.5,MEDIUM,3,False,Green
4,NOR,1,92.772,0.0,MEDIUM,4,False,Green
4,VER,2,92.78,0.561,MEDIUM,4,False,Green
4,PIA,3,92.581,1.149,MEDIUM,4,False,Green
4,LEC,4,92.961,2.64,MEDIUM,4,False,Green
4,RUS,5,93.084,3.397,SOFT,7,False,Green
4,SAI,6,92.975,4.343,MEDIUM,4,False,Green
4,ALO,7,93.156,5.476,MEDIUM,5,False,Green
4,HAM,8,93.086,6.224,MEDIUM,4,False,Green
4,GAS,9,93.349,7.125,MEDIUM,4,False,Green
4,ALB,10,93.866,8.494,MEDIUM,4,False,Green
4,STR,11,93.799,9.413,MEDIUM,5,False,Green
4,OCO,12,93.941,10.251,SOFT,4,False,Green
4,TSU,13,94.362,11.459,SOFT,4,False,Green
4,HUL,14,94.354,12.115,HARD,4,False,Green
4,PER,15,94.339,12.685,MEDIUM,4,False,Green
4,SAR,16,94.332,13.418,MEDIUM,4,False,Green
4,DEV,17,94.199,14.048,SOFT,4,False,Green
4,ZHO,18,94.408,14.689,MEDIUM,4,False,Green
4,BOT,19,94.611,15.643,HARD,4,False,Green
4,MAG,20,94.731,16.459,MEDIUM,4,False,Green
5,VER,1,92.582,0.0,MEDIUM,5,False,Green
5,NOR,2,93.914,0.771,MEDIUM,5,False,Green
5,PIA,3,93.461,1.467,MEDIUM,5,False,Green
5,LEC,4,94.409,3.906,MEDIUM,5,False,Green
5,RUS,5,94.211,4.465,SOFT,8,False,Green
5,SAI,6,93.666,4.866,MEDIUM,5,False,Green
5,ALO,7,94.157,6.49,MEDIUM,6,False,Green
5,HAM,8,93.718,6.799,MEDIUM,5,False,Green
5,GAS,9,93.863,7.845,MEDIUM,5,False,Green
5,ALB,10,93.86,9.211,MEDIUM,5,False,Green
5,STR,11,93.856,10.126,MEDIUM,6,False,Green
5,OCO,12,93.946,11.054,SOFT,5,False,Green
5,TSU,13,94.457,12.773,SOFT,5,False,Green
5,PER,14,94.073,13.615,MEDIUM,5,False,Green
5,HUL,15,95.588,14.56,HARD,5,False,Green
5,SAR,16,94.842,15.117,MEDIUM,5,False,Green
5,DEV,17,94.761,15.666,SOFT,5,False,Green
5,ZHO,18,94.736,16.282,MEDIUM,5,False,Green
5,BOT,19,94.804,17.304,HARD,5,False,Green
5,MAG,20,94.598,17.914,MEDIUM,5,False,Green
6,VER,1,93.027,0.0,MEDIUM,6,False,Green
6,NOR,2,93.112,0.856,MEDIUM,6,False,Green
6,PIA,3,93.008,1.448,MEDIUM,6,False,Green
6,LEC,4,93.761,4.64,MEDIUM,6,False,Green
6,RUS,5,93.839,5.277,SOFT,9,False,Green
6,SAI,6,94.215,6.054,MEDIUM,6,False,Green
6,ALO,7,94.636,8.099,MEDIUM,7,False,Green
6,HAM,8,94.556,8.328,MEDIUM,6,False,Green
6,GAS,9,94.143,8.961,MEDIUM,6,False,Green
6,ALB,10,94.21,10.394,MEDIUM,6,False,Green
6,STR,11,94.189,11.288,MEDIUM,7,False,Green
6,OCO,12,94.381,12.408,SOFT,6,False,Green
6,PER,13,93.671,14.259,MEDIUM,6,False,Green
6,TSU,14,95.373,15.119,SOFT,6,False,Green
6,SAR,15,94.356,16.446,MEDIUM,6,False,Green
6,HUL,16,95.631,17.164,HARD,6,False,Green
6,DEV,17,94.907,17.546,SOFT,6,False,Green
6,ZHO,18,94.807,18.062,MEDIUM,6,False,Green
6,BOT,19,94.791,19.068,HARD,6,False,Green
6,MAG,20,94.933,19.82,MEDIUM,6,False,Green
7,VER,1,93.1,0.0,MEDIUM,7,False,Green
7,NOR,2,93.19,0.946,MEDIUM,7,False,Green
7,PIA,3,93.29,1.638,MEDIUM,7,False,Green
7,LEC,4,93.403,4.943,MEDIUM,7,False,Green
7,RUS,5,93.432,5.609,SOFT,10,False,Green
7,SAI,6,93.427,6.381,MEDIUM,7,False,Green
7,HAM,7,93.328,8.556,MEDIUM,7,False,Green
7,ALO,8,94.645,9.644,MEDIUM,8,False,Green
7,GAS,9,94.399,10.26,MEDIUM,7,False,Green
7,ALB,10,94.099,11.393,MEDIUM,7,False,Green
7,STR,11,94.115,12.303,MEDIUM,8,False,Green
7,OCO,12,94.346,13.654,SOFT,7,False,Green
7,PER,13,93.919,15.078,MEDIUM,7,False,Green
7,TSU,14,94.571,16.59,SOFT,7,False,Green
7,SAR,15,94.581,17.927,MEDIUM,7,False,Green
7,HUL,16,94.412,18.476,HARD,7,False,Green
7,DEV,17,95.054,19.5,SOFT,7,False,Green
7,ZHO,18,94.995,19.957,MEDIUM,7,False,Green
7,BOT,19,94.879,20.847,HARD,7,False,Green
7,MAG,20,94.95,21.67,MEDIUM,7,False,Green
8,VER,1,92.884,0.0,MEDIUM,8,False,Green
8,NOR,2,93.101,1.163,MEDIUM,8,False,Green
8,PIA,3,93.233,1.987,MEDIUM,8,False,Green
8,LEC,4,93.244,5.303,MEDIUM,8,False,Green
8,RUS,5,93.136,5.861,SOFT,11,False,Green
8,SAI,6,93.442,6.939,MEDIUM,8,False,Green
8,HAM,7,93.483,9.155,MEDIUM,8,False,Green
8,ALO,8,94.019,10.779,MEDIUM,9,False,Green
8,GAS,9,93.905,11.281,MEDIUM,8,False,Green
8,ALB,10,93.922,12.431,MEDIUM,8,False,Green
8,STR,11,93.872,13.291,MEDIUM,9,False,Green
8,OCO,12,94.032,14.802,SOFT,8,False,Green
8,PER,13,93.568,15.762,MEDIUM,8,False,Green
8,TSU,14,94.486,18.192,SOFT,8,False,Green
8,SAR,15,94.108,19.151,MEDIUM,8,False,Green
8,DEV,16,93.896,20.512,SOFT,8,False,Green
8,ZHO,17,94.267,21.34,MEDIUM,8,False,Green
8,BOT,18,94.476,22.439,HARD,8,False,Green
8,MAG,19,94.427,23.213,MEDIUM,8,False,Green
8,HUL,20,127.922,53.514,MEDIUM,1,True,Green
9,VER,1,92.822,0.0,MEDIUM,9,False,Green
9,NOR,2,92.612,0.953,MEDIUM,9,False,Green
9,PIA,3,92.79,1.955,MEDIUM,9,False,Green
9,LEC,4,93.087,5.568,MEDIUM,9,False,Green
9,RUS,5,93.154,6.193,SOFT,12,False,Green
9,SAI,6,93.417,7.534,MEDIUM,9,False,Green
9,HAM,7,93.331,9.664,MEDIUM,9,False,Green
9,ALO,8,93.657,11.614,MEDIUM,10,False,Green
9,GAS,9,93.592,12.051,MEDIUM,9,False,Green
9,ALB,10,93.731,13.34,MEDIUM,9,False,Green
9,STR,11,93.871,14.34,MEDIUM,10,False,Green
9,OCO,12,93.846,15.826,SOFT,9,False,Green
9,PER,13,93.271,16.211,MEDIUM,9,False,Green
9,TSU,14,94.235,19.605,SOFT,9,False,Green
9,SAR,15,93.94,20.269,MEDIUM,9,False,Green
9,DEV,16,93.774,21.464,SOFT,9,False,Green
9,ZHO,17,94.044,22.562,MEDIUM,9,False,Green
9,BOT,18,94.386,24.003,HARD,9,False,Green
9,MAG,19,94.577,24.968,MEDIUM,9,False,Green
9,HUL,20,93.669,54.361,MEDIUM,2,False,Green
10,VER,1,92.594,0.0,MEDIUM,10,False,Green
10,NOR,2,92.977,1.336,MEDIUM,10,False,Green
10,PIA,3,93.379,2.74,MEDIUM,10,False,Green
10,LEC,4,93.167,6.141,MEDIUM,10,False,Green
10,RUS,5,93.424,7.023,SOFT,13,False,Green
10,SAI,6,93.405,8.345,MEDIUM,10,False,Green
10,HAM,7,93.624,10.694,MEDIUM,10,False,Green
10,ALO,8,93.711,12.731,MEDIUM,11,False,Green
10,GAS,9,93.855,13.312,MEDIUM,10,False,Green
10,ALB,10,94.045,14.791,MEDIUM,10,False,Green
10,STR,11,94.007,15.753,MEDIUM,11,False,Green
10,PER,12,93.364,16.981,MEDIUM,10,False,Green
10,TSU,13,94.173,21.184,SOFT,10,False,Green
10,SAR,14,94.31,21.985,MEDIUM,10,False,Green
10,DEV,15,93.985,22.855,SOFT,10,False,Green
10,ZHO,16,94.392,24.36,MEDIUM,10,False,Green
10,BOT,17,94.306,25.715,HARD,10,False,Green
10,MAG,18,94.715,27.089,MEDIUM,10,False,Green
10,HUL,19,93.525,55.292,MEDIUM,3,False,Green
11,VER,1,92.597,0.0,MEDIUM,11,False,Green
11,NOR,2,92.978,1.717,MEDIUM,11,False,Green
11,PIA,3,92.976,3.119,MEDIUM,11,False,Green
11,LEC,4,93.048,6.592,MEDIUM,11,False,Green
11,RUS,5,93.089,7.515,SOFT,14,False,Green
11,SAI,6,93.279,9.027,MEDIUM,11,False,Green
11,HAM,7,93.519,11.616,MEDIUM,11,False,Green
11,ALO,8,93.737,13.871,MEDIUM,12,False,Green
11,GAS,9,93.836,14.551,MEDIUM,11,False,Green
11,ALB,10,93.842,16.036,MEDIUM,11,False,Green
11,STR,11,94.198,17.354,MEDIUM,12,False,Green
11,PER,12,93.547,17.931,MEDIUM,11,False,Green
11,TSU,13,94.085,22.672,SOFT,11,False,Green
11,SAR,14,93.925,23.313,MEDIUM,11,False,Green
11,DEV,15,93.758,24.016,SOFT,11,False,Green
11,ZHO,16,94.221,25.984,MEDIUM,11,False,Green
11,BOT,17,94.354,27.472,HARD,11,False,Green
11,MAG,18,94.31,28.802,MEDIUM,11,False,Green
11,HUL,19,93.966,56.661,MEDIUM,4,False,Green
12,VER,1,92.687,0.0,MEDIUM,12,False,Green
12,NOR,2,93.116,2.146,MEDIUM,12,False,Green
12,PIA,3,93.464,3.896,MEDIUM,12,False,Green
12,LEC,4,93.621,7.526,MEDIUM,12,False,Green
12,RUS,5,93.354,8.182,SOFT,15,False,Green
12,SAI,6,93.323,9.663,MEDIUM,12,False,Green
12,HAM,7,93.908,12.837,MEDIUM,12,False,Green
12,ALO,8,93.951,15.135,MEDIUM,13,False,Green
12,GAS,9,93.705,15.569,MEDIUM,12,False,Green
12,ALB,10,93.857,17.206,MEDIUM,12,False,Green
12,PER,11,93.429,18.673,MEDIUM,12,False,Green
12,STR,12,94.766,19.433,MEDIUM,13,False,Green
12,TSU,13,94.237,24.222,SOFT,12,False,Green
12,SAR,14,94.239,24.865,MEDIUM,12,False,Green
12,DEV,15,94.165,25.494,SOFT,12,False,Green
12,ZHO,16,94.235,27.532,MEDIUM,12,False,Green
12,BOT,17,94.541,29.326,HARD,12,False,Green
12,MAG,18,94.544,30.659,MEDIUM,12,False,Green
12,HUL,19,94.022,57.996,MEDIUM,5,False,Green
13,VER,1,92.678,0.0,MEDIUM,13,False,Green
13,NOR,2,92.986,2.454,MEDIUM,13,False,Green
13,PIA,3,93.144,4.362,MEDIUM,13,False,Green
13,LEC,4,93.214,8.062,MEDIUM,13,False,Green
13,RUS,5,93.159,8.663,SOFT,16,False,Green
13,SAI,6,93.105,10.09,MEDIUM,13,False,Green
13,HAM,7,93.28,13.439,MEDIUM,13,False,Green
13,ALO,8,93.565,16.022,MEDIUM,14,False,Green
13,GAS,9,93.683,16.574,MEDIUM,13,False,Green
13,ALB,10,93.751,18.279,MEDIUM,13,False,Green
13,PER,11,93.452,19.447,MEDIUM,13,False,Green
13,STR,12,94.308,21.063,MEDIUM,14,False,Green
13,TSU,13,94.433,25.977,SOFT,13,False,Green
13,SAR,14,94.329,26.516,MEDIUM,13,False,Green
13,DEV,15,94.232,27.048,SOFT,13,False,Green
13,ZHO,16,94.13,28.984,MEDIUM,13,False,Green
13,BOT,17,94.618,31.266,HARD,13,False,Green
13,MAG,18,94.339,32.32,MEDIUM,13,False,Green
13,HUL,19,94.3,59.618,MEDIUM,6,False,Green
14,VER,1,93.046,0.0,MEDIUM,14,False,Green
14,NOR,2,93.67,3.078,MEDIUM,14,False,Green
14,PIA,3,93.603,4.919,MEDIUM,14,False,Green
14,LEC,4,93.523,8.539,MEDIUM,14,False,Green
14,RUS,5,93.729,9.346,SOFT,17,False,Green
14,SAI,6,93.941,10.985,MEDIUM,14,False,Green
14,HAM,7,93.324,13.717,MEDIUM,14,False,Green
14,ALO,8,93.88,16.856,MEDIUM,15,False,Green
14,GAS,9,93.843,17.371,MEDIUM,14,False,Green
14,ALB,10,93.951,19.184,MEDIUM,14,False,Green
14,PER,11,93.751,20.152,MEDIUM,14,False,Green
14,STR,12,94.213,22.23,MEDIUM,15,False,Green
14,SAR,13,93.683,27.153,MEDIUM,14,False,Green
14,TSU,14,94.769,27.7,SOFT,14,False,Green
14,DEV,15,94.879,28.881,SOFT,14,False,Green
14,ZHO,16,94.418,30.356,MEDIUM,14,False,Green
14,BOT,17,94.604,32.824,HARD,14,False,Green
14,MAG,18,95.024,34.298,MEDIUM,14,False,Green
14,HUL,19,94.186,60.758,MEDIUM,7,False,Green
15,VER,1,92.99,0.0,MEDIUM,15,False,Green
15,NOR,2,93.221,3.309,MEDIUM,15,False,Green
15,PIA,3,93.267,5.196,MEDIUM,15,False,Green
15,LEC,4,93.542,9.091,MEDIUM,15,False,Green
15,RUS,5,93.27,9.626,SOFT,18,False,Green
15,SAI,6,93.623,11.618,MEDIUM,15,False,Green
15,HAM,7,93.156,13.883,MEDIUM,15,False,Green
15,ALO,8,93.736,17.602,MEDIUM,16,False,Green
15,GAS,9,93.769,18.15,MEDIUM,15,False,Green
15,ALB,10,93.786,19.98,MEDIUM,15,False,Green
15,PER,11,93.48,20.642,MEDIUM,15,False,Green
15,STR,12,93.931,23.171,MEDIUM,16,False,Green
15,SAR,13,94.123,28.286,MEDIUM,15,False,Green
15,DEV,14,94.17,30.061,SOFT,15,False,Green
15,ZHO,15,94.677,32.043,MEDIUM,15,False,Green
15,BOT,16,94.627,34.461,HARD,15,False,Green
15,MAG,17,94.606,35.914,MEDIUM,15,False,Green
15,TSU,18,114.644,49.354,HARD,1,True,Green
15,HUL,19,93.925,61.693,MEDIUM,8,False,Green
16,VER,1,92.808,0.0,MEDIUM,16,False,Green
16,NOR,2,92.903,3.404,MEDIUM,16,False,Green
16,PIA,3,93.005,5.393,MEDIUM,16,False,Green
16,LEC,4,93.248,9.531,MEDIUM,16,False,Green
16,RUS,5,93.309,10.127,SOFT,19,False,Green
16,SAI,6,93.498,12.308,MEDIUM,16,False,Green
16,HAM,7,92.931,14.006,MEDIUM,16,False,Green
16,ALO,8,93.437,18.231,MEDIUM,17,False,Green
16,GAS,9,93.535,18.877,MEDIUM,16,False,Green
16,PER,10,93.055,20.889,MEDIUM,16,False,Green
16,ALB,11,94.343,21.515,MEDIUM,16,False,Green
16,STR,12,93.798,24.161,MEDIUM,17,False,Green
16,SAR,13,93.771,29.249,MEDIUM,16,False,Green
16,DEV,14,94.148,31.401,SOFT,16,False,Green
16,ZHO,15,94.263,33.498,MEDIUM,16,False,Green
16,BOT,16,94.367,36.02,HARD,16,False,Green
16,MAG,17,94.559,37.665,MEDIUM,16,False,Green
16,TSU,18,93.058,49.604,HARD,2,False,Green
16,HUL,19,93.64,62.525,MEDIUM,9,False,Green
17,VER,1,92.603,0.0,MEDIUM,17,False,Green
17,NOR,2,92.985,3.786,MEDIUM,17,False,Green
17,PIA,3,92.775,5.565,MEDIUM,17,False,Green
17,LEC,4,93.151,10.079,MEDIUM,17,False,Green
17,RUS,5,93.174,10.698,SOFT,20,False,Green
17,SAI,6,93.076,12.781,MEDIUM,17,False,Green
17,HAM,7,93.12,14.523,MEDIUM,17,False,Green
17,ALO,8,93.188,18.816,MEDIUM,18,False,Green
17,GAS,9,93.138,19.412,MEDIUM,17,False,Green
17,PER,10,93.28,21.566,MEDIUM,17,False,Green
17,ALB,11,93.707,22.619,MEDIUM,17,False,Green
17,STR,12,93.651,25.209,MEDIUM,18,False,Green
17,SAR,13,93.728,30.374,MEDIUM,17,False,Green
17,DEV,14,93.637,32.435,SOFT,17,False,Green
17,ZHO,15,94.027,34.922,MEDIUM,17,False,Green
17,BOT,16,93.867,37.284,HARD,17,False,Green
17,MAG,17,94.216,39.278,MEDIUM,17,False,Green
17,TSU,18,92.952,49.953,HARD,3,False,Green
17,HUL,19,93.616,63.538,MEDIUM,10,False,Green
18,VER,1,92.507,0.0,MEDIUM,18,False,Green
18,NOR,2,92.731,4.01,MEDIUM,18,False,Green
18,PIA,3,93.019,6.077,MEDIUM,18,False,Green
18,LEC,4,92.475,10.047,MEDIUM,18,False,Green
18,RUS,5,93.072,11.263,SOFT,21,False,Green
18,SAI,6,93.302,13.576,MEDIUM,18,False,Green
18,HAM,7,93.313,15.329,MEDIUM,18,False,Green
18,ALO,8,93.317,19.626,MEDIUM,19,False,Green
18,GAS,9,93.291,20.196,MEDIUM,18,False,Green
18,PER,10,93.099,22.158,MEDIUM,18,False,Green
18,ALB,11,93.615,23.727,MEDIUM,18,False,Green
18,STR,12,93.294,25.996,MEDIUM,19,False,Green
18,SAR,13,93.465,31.332,MEDIUM,18,False,Green
18,DEV,14,93.453,33.381,SOFT,18,False,Green
18,ZHO,15,93.861,36.276,MEDIUM,18,False,Green
18,BOT,16,93.749,38.526,HARD,18,False,Green
18,MAG,17,93.795,40.566,MEDIUM,18,False,Green
18,TSU,18,93.094,50.54,HARD,4,False,Green
18,HUL,19,93.591,64.622,MEDIUM,11,False,Green
19,VER,1,92.338,0.0,MEDIUM,19,False,Green
19,NOR,2,92.5,4.172,MEDIUM,19,False,Green
19,PIA,3,92.88,6.619,MEDIUM,19,False,Green
19,RUS,4,92.807,11.732,SOFT,22,False,Green
19,SAI,5,93.242,14.48,MEDIUM,19,False,Green
19,HAM,6,93.201,16.192,MEDIUM,19,False,Green
19,ALO,7,93.185,20.473,MEDIUM,20,False,Green
19,GAS,8,93.199,21.057,MEDIUM,19,False,Green
19,PER,9,93.276,23.096,MEDIUM,19,False,Green
19,ALB,10,93.654,25.043,MEDIUM,19,False,Green
19,STR,11,93.338,26.996,MEDIUM,20,False,Green
19,LEC,12,112.861,30.57,HARD,1,True,Green
19,SAR,13,93.573,32.567,MEDIUM,19,False,Green
19,DEV,14,93.835,34.878,SOFT,19,False,Green
19,ZHO,15,93.907,37.845,MEDIUM,19,False,Green
19,BOT,16,93.73,39.918,HARD,19,False,Green
19,MAG,17,94.281,42.509,MEDIUM,19,False,Green
19,TSU,18,93.424,51.626,HARD,5,False,Green
19,HUL,19,93.763,66.047,MEDIUM,12,False,Green
20,VER,1,92.295,0.0,MEDIUM,20,False,Green
20,NOR,2,92.77,4.647,MEDIUM,20,False,Green
20,PIA,3,92.66,6.984,MEDIUM,20,False,Green
20,RUS,4,92.803,12.24,SOFT,23,False,Green
20,SAI,5,93.007,15.192,MEDIUM,20,False,Green
20,HAM,6,92.956,16.853,MEDIUM,20,False,Green
20,ALO,7,93.016,21.194,MEDIUM,21,False,Green
20,GAS,8,93.248,22.01,MEDIUM,20,False,Green
20,PER,9,93.202,24.003,MEDIUM,20,False,Green
20,ALB,10,93.44,26.188,MEDIUM,20,False,Green
20,STR,11,93.489,28.19,MEDIUM,21,False,Green
20,LEC,12,92.87,31.145,HARD,2,False,Green
20,SAR,13,93.387,33.659,MEDIUM,20,False,Green
20,DEV,14,93.48,36.063,SOFT,20,False,Green
20,ZHO,15,93.726,39.276,MEDIUM,20,False,Green
20,BOT,16,93.671,41.294,HARD,20,False,Green
20,MAG,17,93.935,44.149,MEDIUM,20,False,Green
20,TSU,18,93.281,52.612,HARD,6,False,Green
20,HUL,19,93.555,67.307,MEDIUM,13,False,Green
21,VER,1,92.494,0.0,MEDIUM,21,False,Green
21,NOR,2,92.604,4.757,MEDIUM,21,False,Green
21,PIA,3,92.749,7.239,MEDIUM,21,False,Green
21,RUS,4,92.85,12.596,SOFT,24,False,Green
21,SAI,5,93.261,15.959,MEDIUM,21,False,Green
21,HAM,6,92.779,17.138,MEDIUM,21,False,Green
21,ALO,7,93.19,21.89,MEDIUM,22,False,Green
21,GAS,8,93.098,22.614,MEDIUM,21,False,Green
21,PER,9,93.233,24.742,MEDIUM,21,False,Green
21,ALB,10,93.195,26.889,MEDIUM,21,False,Green
21,STR,11,93.498,29.194,MEDIUM,22,False,Green
21,LEC,12,92.848,31.499,HARD,3,False,Green
21,SAR,13,93.458,34.623,MEDIUM,21,False,Green
21,DEV,14,93.652,37.221,SOFT,21,False,Green
21,ZHO,15,93.56,40.342,MEDIUM,21,False,Green
21,BOT,16,93.607,42.407,HARD,21,False,Green
21,MAG,17,94.083,45.738,MEDIUM,21,False,Green
21,TSU,18,93.189,53.307,HARD,7,False,Green
21,HUL,19,93.35,68.163,MEDIUM,14,False,Green
22,VER,1,92.184,0.0,MEDIUM,22,False,Green
22,NOR,2,92.637,5.21,MEDIUM,22,False,Green
22,PIA,3,92.537,7.592,MEDIUM,22,False,Green
22,RUS,4,92.568,12.98,SOFT,25,False,Green
22,SAI,5,92.871,16.646,MEDIUM,22,False,Green
22,HAM,6,92.821,17.775,MEDIUM,22,False,Green
22,ALO,7,93.092,22.798,MEDIUM,23,False,Green
22,GAS,8,93.168,23.598,MEDIUM,22,False,Green
22,PER,9,93.026,25.584,MEDIUM,22,False,Green
22,ALB,10,93.021,27.726,MEDIUM,22,False,Green
22,STR,11,93.431,30.441,MEDIUM,23,False,Green
22,LEC,12,93.035,32.35,HARD,4,False,Green
22,SAR,13,93.479,35.918,MEDIUM,22,False,Green
22,DEV,14,93.647,38.684,SOFT,22,False,Green
22,ZHO,15,93.679,41.837,MEDIUM,22,False,Green
22,BOT,16,93.468,43.691,HARD,22,False,Green
22,MAG,17,93.997,47.551,MEDIUM,22,False,Green
22,TSU,18,93.004,54.127,HARD,8,False,Green
22,HUL,19,93.143,69.122,MEDIUM,15,False,Green
23,VER,1,92.272,0.0,MEDIUM,23,False,Green
23,NOR,2,92.619,5.557,MEDIUM,23,False,Green
23,PIA,3,92.732,8.052,MEDIUM,23,False,Green
23,RUS,4,92.683,13.391,SOFT,26,False,Green
23,SAI,5,92.755,17.129,MEDIUM,23,False,Green
23,HAM,6,92.974,18.477,MEDIUM,23,False,Green
23,ALO,7,93.026,23.552,MEDIUM,24,False,Green
23,GAS,8,92.846,24.172,MEDIUM,23,False,Green
23,PER,9,93.262,26.574,MEDIUM,23,False,Green
23,ALB,10,93.117,28.571,MEDIUM,23,False,Green
23,STR,11,93.114,31.283,MEDIUM,24,False,Green
23,LEC,12,92.554,32.632,HARD,5,False,Green
23,SAR,13,93.212,36.858,MEDIUM,23,False,Green
23,DEV,14,93.622,40.034,SOFT,23,False,Green
23,ZHO,15,93.642,43.207,MEDIUM,23,False,Green
23,BOT,16,93.787,45.206,HARD,23,False,Green
23,MAG,17,93.98,49.259,MEDIUM,23,False,Green
23,TSU,18,93.098,54.953,HARD,9,False,Green
23,HUL,19,93.294,70.144,MEDIUM,16,False,Green
24,VER,1,92.35,0.0,MEDIUM,24,False,Green
24,NOR,2,92.721,5.928,MEDIUM,24,False,Green
24,PIA,3,92.676,8.378,MEDIUM,24,False,Green
24,RUS,4,92.852,13.893,SOFT,27,False,Green
24,SAI,5,92.77,17.549,MEDIUM,24,False,Green
24,HAM,6,92.703,18.83,MEDIUM,24,False,Green
24,ALO,7,93.017,24.219,MEDIUM,25,False,Green
24,GAS,8,93.164,24.986,MEDIUM,24,False,Green
24,PER,9,92.726,26.95,MEDIUM,24,False,Green
24,ALB,10,93.163,29.384,MEDIUM,24,False,Green
24,STR,11,93.391,32.324,MEDIUM,25,False,Green
24,LEC,12,92.731,33.013,HARD,6,False,Green
24,SAR,13,93.502,38.01,MEDIUM,24,False,Green
24,DEV,14,93.663,41.347,SOFT,24,False,Green
24,ZHO,15,93.17,44.027,MEDIUM,24,False,Green
24,BOT,16,93.464,46.32,HARD,24,False,Green
24,MAG,17,93.891,50.8,MEDIUM,24,False,Green
24,TSU,18,93.205,55.808,HARD,10,False,Green
24,HUL,19,93.461,71.255,MEDIUM,17,False,Green
25,VER,1,92.295,0.0,MEDIUM,25,False,Green
25,NOR,2,92.949,6.582,MEDIUM,25,False,Green
25,PIA,3,92.809,8.892,MEDIUM,25,False,Green
25,RUS,4,92.863,14.461,SOFT,28,False,Green
25,SAI,5,93.133,18.387,MEDIUM,25,False,Green
25,HAM,6,93.087,19.622,MEDIUM,25,False,Green
25,ALO,7,93.078,25.002,MEDIUM,26,False,Green
25,GAS,8,93.098,25.789,MEDIUM,25,False,Green
25,PER,9,92.907,27.562,MEDIUM,25,False,Green
25,ALB,10,93.374,30.463,MEDIUM,25,False,Green
25,LEC,11,92.798,33.516,HARD,7,False,Green
25,STR,12,94.28,34.309,MEDIUM,26,False,Green
25,SAR,13,93.508,39.223,MEDIUM,25,False,Green
25,DEV,14,93.553,42.605,SOFT,25,False,Green
25,BOT,15,93.292,47.317,HARD,25,False,Green
25,MAG,16,94.037,52.542,MEDIUM,25,False,Green
25,TSU,17,93.224,56.737,HARD,11,False,Green
25,ZHO,18,115.24,66.972,HARD,1,True,Green
25,HUL,19,93.351,72.311,MEDIUM,18,False,Green
26,VER,1,92.276,0.0,MEDIUM,26,False,Green
26,NOR,2,92.758,7.064,MEDIUM,26,False,Green
26,PIA,3,93.052,9.668,MEDIUM,26,False,Green
26,RUS,4,92.958,15.143,SOFT,29,False,Green
26,SAI,5,93.181,19.292,MEDIUM,26,False,Green
26,HAM,6,92.769,20.115,MEDIUM,26,False,Green
26,ALO,7,93.152,25.878,MEDIUM,27,False,Green
26,GAS,8,93.243,26.756,MEDIUM,26,False,Green
26,PER,9,92.962,28.248,MEDIUM,26,False,Green
26,ALB,10,93.175,31.362,MEDIUM,26,False,Green
26,LEC,11,92.794,34.034,HARD,8,False,Green
26,STR,12,93.557,35.59,MEDIUM,27,False,Green
26,SAR,13,93.553,40.5,MEDIUM,26,False,Green
26,DEV,14,93.754,44.083,SOFT,26,False,Green
26,BOT,15,93.47,48.511,HARD,26,False,Green
26,MAG,16,94.119,54.385,MEDIUM,26,False,Green
26,TSU,17,93.319,57.78,HARD,12,False,Green
26,ZHO,18,92.524,67.22,HARD,2,False,Green
26,HUL,19,93.644,73.679,MEDIUM,19,False,Green
27,VER,1,92.138,0.0,MEDIUM,27,False,Green
27,NOR,2,92.734,7.66,MEDIUM,27,False,Green
27,PIA,3,92.844,10.374,MEDIUM,27,False,Green
27,RUS,4,93.062,16.067,SOFT,30,False,Green
27,HAM,5,92.714,20.691,MEDIUM,27,False,Green
27,ALO,6,92.914,26.654,MEDIUM,28,False,Green
27,GAS,7,92.988,27.606,MEDIUM,27,False,Green
27,PER,8,92.742,28.852,MEDIUM,27,False,Green
27,ALB,9,93.126,32.35,MEDIUM,27,False,Green
27,LEC,10,92.942,34.838,HARD,9,False,Green
27,STR,11,93.237,36.689,MEDIUM,28,False,Green
27,SAI,12,112.728,39.882,HARD,1,True,Green
27,SAR,13,93.731,42.093,MEDIUM,27,False,Green
27,DEV,14,93.299,45.244,SOFT,27,False,Green
27,BOT,15,93.588,49.961,HARD,27,False,Green
27,MAG,16,93.935,56.182,MEDIUM,27,False,Green
27,TSU,17,93.418,59.06,HARD,13,False,Green
27,ZHO,18,92.912,67.994,HARD,3,False,Green
27,HUL,19,93.122,74.663,MEDIUM,20,False,Green
28,VER,1,92.215,0.0,MEDIUM,28,False,Green
28,NOR,2,92.714,8.159,MEDIUM,28,False,Green
28,PIA,3,93.19,11.349,MEDIUM,28,False,Green
28,RUS,4,92.504,16.356,SOFT,31,False,Green
28,HAM,5,92.32,20.796,MEDIUM,28,False,Green
28,ALO,6,92.744,27.183,MEDIUM,29,False,Green
28,GAS,7,93.255,28.646,MEDIUM,28,False,Green
28,PER,8,92.235,28.872,MEDIUM,28,False,Green
28,ALB,9,93.084,33.219,MEDIUM,28,False,Green
28,LEC,10,92.814,35.437,HARD,10,False,Green
28,STR,11,93.26,37.734,MEDIUM,29,False,Green
28,SAI,12,92.22,39.887,HARD,2,False,Green
28,SAR,13,93.49,43.368,MEDIUM,28,False,Green
28,BOT,14,93.5,51.246,HARD,28,False,Green
28,MAG,15,93.76,57.727,MEDIUM,28,False,Green
28,TSU,16,93.275,60.12,HARD,14,False,Green
28,DEV,17,113.094,66.123,MEDIUM,1,True,Green
28,ZHO,18,92.999,68.778,HARD,4,False,Green
28,HUL,19,93.28,75.728,MEDIUM,21,False,Green
29,VER,1,92.251,0.0,MEDIUM,29,False,Green
29,NOR,2,92.806,8.714,MEDIUM,29,False,Green
29,PIA,3,92.563,11.661,MEDIUM,29,False,Green
29,HAM,4,92.155,20.7,MEDIUM,29,False,Green
29,ALO,5,92.727,27.659,MEDIUM,30,False,Green
29,GAS,6,93.283,29.678,MEDIUM,29,False,Green
29,ALB,7,92.869,33.837,MEDIUM,29,False,Green
29,LEC,8,92.658,35.844,HARD,11,False,Green
29,RUS,9,113.262,37.367,MEDIUM,1,True,Green
29,STR,10,93.702,39.185,MEDIUM,30,False,Green
29,SAI,11,91.945,39.581,HARD,3,False,Green
29,SAR,12,92.723,43.84,MEDIUM,29,False,Green
29,PER,13,110.559,47.18,SOFT,1,True,Green
29,BOT,14,93.351,52.346,HARD,29,False,Green
29,MAG,15,93.356,58.832,MEDIUM,29,False,Green
29,TSU,16,93.118,60.987,HARD,15,False,Green
29,DEV,17,92.499,66.371,MEDIUM,2,False,Green
29,ZHO,18,92.812,69.339,HARD,5,False,Green
29,HUL,19,93.107,76.584,MEDIUM,22,False,Green
30,VER,1,92.363,0.0,MEDIUM,30,False,Green
30,NOR,2,92.609,8.96,MEDIUM,30,False,Green
30,HAM,3,92.246,20.583,MEDIUM,30,False,Green
30,ALO,4,92.686,27.982,MEDIUM,31,False,Green
30,GAS,5,93.299,30.614,MEDIUM,30,False,Green
30,PIA,6,112.49,31.788,HARD,1,True,Green
30,ALB,7,92.882,34.356,MEDIUM,30,False,Green
30,LEC,8,92.464,35.945,HARD,12,False,Green
30,RUS,9,91.51,36.514,MEDIUM,2,False,Green
30,SAI,10,92.129,39.347,HARD,4,False,Green
30,STR,11,94.014,40.836,MEDIUM,31,False,Green
30,PER,12,91.408,46.225,SOFT,2,False,Green
30,BOT,13,93.367,53.35,HARD,30,False,Green
30,MAG,14,93.466,59.935,MEDIUM,30,False,Green
30,TSU,15,93.211,61.835,HARD,16,False,Green
30,SAR,16,112.724,64.201,SOFT,1,True,Green
30,DEV,17,92.564,66.572,MEDIUM,3,False,Green
30,ZHO,18,93.006,69.982,HARD,6,False,Green
30,HUL,19,93.332,77.553,MEDIUM,23,False,Green
31,VER,1,92.388,0.0,MEDIUM,31,False,Green
31,NOR,2,92.808,9.38,MEDIUM,31,False,Green
31,HAM,3,92.744,20.939,MEDIUM,31,False,Green
31,ALO,4,92.916,28.51,MEDIUM,32,False,Green
31,PIA,5,91.68,31.08,HARD,2,False,Green
31,GAS,6,93.391,31.617,MEDIUM,31,False,Green
31,ALB,7,92.816,34.784,MEDIUM,31,False,Green
31,RUS,8,91.8,35.926,MEDIUM,3,False,Green
31,LEC,9,93.233,36.79,HARD,13,False,Green
31,SAI,10,92.494,39.453,HARD,5,False,Green
31,STR,11,92.933,41.381,MEDIUM,32,False,Green
31,PER,12,91.532,45.369,SOFT,3,False,Green
31,BOT,13,93.44,54.402,HARD,31,False,Green
31,MAG,14,93.464,61.011,MEDIUM,31,False,Green
31,TSU,15,93.279,62.726,HARD,17,False,Green
31,SAR,16,91.994,63.807,SOFT,2,False,Green
31,DEV,17,92.829,67.013,MEDIUM,4,False,Green
31,ZHO,18,93.073,70.667,HARD,7,False,Green
31,HUL,19,93.133,78.298,MEDIUM,24,False,Green
32,VER,1,92.21,0.0,MEDIUM,32,False,Green
32,NOR,2,92.571,9.741,MEDIUM,32,False,Green
32,HAM,3,95.161,23.89,MEDIUM,32,False,Yellow
32,ALO,4,98.559,34.859,MEDIUM,33,False,Yellow
32,PIA,5,99.41,38.28,HARD,3,False,Yellow
32,ALB,6,96.773,39.347,MEDIUM,32,False,Yellow
32,LEC,7,96.215,40.795,HARD,14,False,Yellow
32,RUS,8,100.097,43.813,MEDIUM,4,False,Yellow
32,SAI,9,102.583,49.826,HARD,6,False,Yellow
32,PER,10,104.38,57.539,SOFT,4,False,Yellow
32,GAS,11,126.804,66.211,SOFT,4,True,Yellow
32,BOT,12,105.965,68.157,HARD,32,False,Yellow
32,TSU,13,107.079,77.595,HARD,18,False,Yellow
32,STR,14,131.273,80.444,SOFT,4,True,Yellow
32,SAR,15,112.267,83.864,SOFT,3,False,Yellow
32,DEV,16,110.128,84.931,MEDIUM,5,False,Yellow
32,ZHO,17,115.002,93.459,HARD,8,False,Yellow
32,HUL,18,114.146,100.234,MEDIUM,25,False,Yellow
33,VER,1,118.611,0.0,MEDIUM,33,False,Yellow
33,NOR,2,122.83,13.96,MEDIUM,33,False,Yellow
33,HAM,3,123.496,28.775,MEDIUM,33,False,Yellow
33,ALO,4,123.93,40.178,MEDIUM,34,False,Yellow
33,PIA,5,127.856,47.525,HARD,4,False,Yellow
33,RUS,6,128.178,53.38,MEDIUM,5,False,Yellow
33,SAI,7,129.65,60.865,HARD,7,False,Yellow
33,PER,8,128.084,67.012,SOFT,5,False,Yellow
33,ALB,9,146.603,67.339,SOFT,5,True,Yellow
33,LEC,10,146.13,68.314,MEDIUM,1,True,Yellow
33,GAS,11,128.973,76.573,SOFT,5,False,Yellow
33,STR,12,128.963,90.796,SOFT,5,False,Yellow
33,SAR,13,128.913,94.166,SOFT,4,False,Yellow
33,BOT,14,146.908,96.454,SOFT,1,True,Yellow
33,ZHO,15,124.102,98.95,HARD,9,False,Yellow
33,TSU,16,145.863,104.847,SOFT,1,True,Yellow
33,DEV,17,144.933,111.253,SOFT,1,True,Yellow
33,HUL,18,146.674,128.297,SOFT,1,True,Yellow
34,PIA,4,134.583,0.0,HARD,5,False,Safety
34,RUS,5,131.011,2.283,MEDIUM,6,False,Safety
34,ALO,6,147.213,5.283,SOFT,4,True,Safety
34,SAI,7,130.323,9.08,HARD,8,False,Safety
34,PER,8,125.804,10.708,SOFT,6,False,Safety
34,ALB,9,126.403,11.634,SOFT,6,False,Safety
34,LEC,10,126.609,12.815,MEDIUM,2,False,Safety
34,GAS,11,125.716,20.181,SOFT,6,False,Safety
34,STR,12,126.623,35.311,SOFT,6,False,Safety
34,SAR,13,125.672,37.73,SOFT,5,False,Safety
34,BOT,14,126.68,41.026,SOFT,2,False,Safety
34,TSU,15,127.037,49.776,SOFT,2,False,Safety
34,DEV,16,126.545,55.69,SOFT,2,False,Safety
34,ZHO,17,142.914,59.756,SOFT,1,True,Safety
34,HUL,18,125.892,72.081,SOFT,2,False,Safety
35,VER,1,147.771,0.0,SOFT,5,False,Safety
35,NOR,2,147.853,14.042,HARD,2,False,Safety
35,HAM,3,147.418,28.422,SOFT,5,False,Safety
35,PIA,4,148.389,182.726,HARD,6,False,Safety
35,RUS,5,146.512,183.132,MEDIUM,7,False,Safety
35,ALO,6,145.191,184.811,SOFT,5,False,Safety
35,SAI,7,143.064,186.481,HARD,9,False,Safety
35,PER,8,142.313,187.358,SOFT,7,False,Safety
35,ALB,9,142.565,188.536,SOFT,7,False,Safety
35,LEC,10,143.719,190.871,MEDIUM,3,False,Safety
35,GAS,11,137.502,192.02,SOFT,7,False,Safety
35,STR,12,123.428,193.076,SOFT,7,False,Safety
35,SAR,13,122.167,194.234,SOFT,6,False,Safety
35,BOT,14,120.029,195.392,SOFT,3,False,Safety
35,TSU,15,114.219,198.332,SOFT,3,False,Safety
35,DEV,16,108.964,198.991,SOFT,3,False,Safety
35,ZHO,17,107.368,201.461,SOFT,2,False,Safety
35,HUL,18,101.883,208.301,SOFT,3,False,Safety
36,VER,1,146.545,0.0,SOFT,6,False,Safety
36,NOR,2,146.496,13.993,HARD,3,False,Safety
36,HAM,3,146.619,28.496,SOFT,6,False,Safety
36,PIA,4,145.4,181.581,HARD,7,False,Safety
36,RUS,5,146.366,182.953,MEDIUM,8,False,Safety
36,ALO,6,145.427,183.693,SOFT,6,False,Safety
36,SAI,7,145.182,185.118,HARD,10,False,Safety
36,PER,8,145.094,185.907,SOFT,8,False,Safety
36,ALB,9,145.067,187.058,SOFT,8,False,Safety
36,LEC,10,143.86,188.186,MEDIUM,4,False,Safety
36,GAS,11,144.007,189.482,SOFT,8,False,Safety
36,STR,12,144.06,190.591,SOFT,8,False,Safety
36,SAR,13,144.892,192.581,SOFT,7,False,Safety
36,BOT,14,145.248,194.095,SOFT,4,False,Safety
36,ZHO,15,140.527,195.443,SOFT,3,False,Safety
36,TSU,16,144.84,196.627,SOFT,4,False,Safety
36,DEV,17,145.061,197.507,SOFT,4,False,Safety
36,HUL,18,137.786,199.542,SOFT,4,False,Safety
37,VER,1,143.835,0.0,SOFT,7,False,Safety
37,NOR,2,144.316,14.474,HARD,4,False,Safety
37,HAM,3,145.19,29.851,SOFT,7,False,Safety
37,PIA,4,145.067,182.813,HARD,8,False,Safety
37,RUS,5,144.727,183.845,MEDIUM,9,False,Safety
37,ALO,6,145.274,185.132,SOFT,7,False,Safety
37,SAI,7,145.086,186.369,HARD,11,False,Safety
37,PER,8,145.46,187.532,SOFT,9,False,Safety
37,ALB,9,145.628,188.851,SOFT,9,False,Safety
37,LEC,10,145.892,190.243,MEDIUM,5,False,Safety
37,GAS,11,145.817,191.464,SOFT,9,False,Safety
37,STR,12,145.969,192.725,SOFT,9,False,Safety
37,SAR,13,145.271,194.017,SOFT,8,False,Safety
37,BOT,14,145.027,195.287,SOFT,5,False,Safety
37,TSU,15,143.518,196.31,SOFT,5,False,Safety
37,DEV,16,143.969,197.641,SOFT,5,False,Safety
37,HUL,17,143.16,198.867,SOFT,5,False,Safety
37,ZHO,18,148.721,200.329,SOFT,4,True,Safety
38,VER,1,141.674,0.0,SOFT,8,False,Yellow
38,NOR,2,141.488,14.288,HARD,5,False,Yellow
38,HAM,3,140.046,28.223,SOFT,8,False,Yellow
38,PIA,4,139.502,180.641,HARD,9,False,Yellow
38,RUS,5,138.924,181.095,MEDIUM,10,False,Yellow
38,ALO,6,137.955,181.413,SOFT,8,False,Yellow
38,SAI,7,137.408,182.103,HARD,12,False,Yellow
38,PER,8,136.625,182.483,SOFT,10,False,Yellow
38,ALB,9,135.556,182.733,SOFT,10,False,Yellow
38,LEC,10,134.823,183.392,MEDIUM,6,False,Yellow
38,GAS,11,133.934,183.724,SOFT,10,False,Yellow
38,STR,12,133.174,184.225,SOFT,10,False,Yellow
38,SAR,13,132.192,184.535,SOFT,9,False,Yellow
38,BOT,14,131.371,184.984,SOFT,6,False,Yellow
38,TSU,15,130.75,185.386,SOFT,6,False,Yellow
38,DEV,16,129.789,185.756,SOFT,6,False,Yellow
38,HUL,17,128.983,186.176,SOFT,6,False,Yellow
38,ZHO,18,127.914,186.569,SOFT,5,False,Yellow
39,VER,1,90.348,0.0,SOFT,9,False,Green
39,NOR,2,91.243,15.183,HARD,6,False,Green
39,HAM,3,91.427,29.302,SOFT,9,False,Green
39,PIA,4,91.646,181.939,HARD,10,False,Green
39,RUS,5,91.848,182.595,MEDIUM,11,False,Green
39,ALO,6,92.32,183.385,SOFT,9,False,Green
39,SAI,7,92.459,184.214,HARD,13,False,Green
39,PER,8,92.503,184.638,SOFT,11,False,Green
39,ALB,9,92.63,185.015,SOFT,11,False,Green
39,LEC,10,92.5,185.544,MEDIUM,7,False,Green
39,STR,11,92.306,186.183,SOFT,11,False,Green
39,GAS,12,92.98,186.356,SOFT,11,False,Green
39,SAR,13,92.794,186.981,SOFT,10,False,Green
39,BOT,14,92.618,187.254,SOFT,7,False,Green
39,TSU,15,92.882,187.92,SOFT,7,False,Green
39,HUL,16,92.527,188.355,SOFT,7,False,Green
39,DEV,17,93.647,189.055,SOFT,7,False,Green
39,ZHO,18,93.188,189.409,SOFT,6,False,Green
40,VER,1,90.547,0.0,SOFT,10,False,Green
40,NOR,2,90.997,15.633,HARD,7,False,Green
40,HAM,3,91.279,30.034,SOFT,10,False,Green
40,PIA,4,91.475,182.867,HARD,11,False,Green
40,RUS,5,91.606,183.654,MEDIUM,12,False,Green
40,ALO,6,91.691,184.529,SOFT,10,False,Green
40,SAI,7,91.783,185.45,HARD,14,False,Green
40,PER,8,91.909,186.0,SOFT,12,False,Green
40,ALB,9,92.176,186.644,SOFT,12,False,Green
40,LEC,10,92.234,187.231,MEDIUM,8,False,Green
40,STR,11,92.32,187.956,SOFT,12,False,Green
40,GAS,12,92.823,188.632,SOFT,12,False,Green
40,SAR,13,92.949,189.383,SOFT,11,False,Green
40,BOT,14,93.056,189.763,SOFT,8,False,Green
40,TSU,15,92.932,190.305,SOFT,8,False,Green
40,HUL,16,92.932,190.74,SOFT,8,False,Green
40,DEV,17,93.18,191.688,SOFT,8,False,Green
40,ZHO,18,93.31,192.172,SOFT,7,False,Green
41,VER,1,90.688,0.0,SOFT,11,False,Green
41,NOR,2,90.76,15.705,HARD,8,False,Green
41,HAM,3,90.673,30.019,SOFT,11,False,Green
41,PIA,4,90.85,183.029,HARD,12,False,Green
41,RUS,5,91.124,184.09,MEDIUM,13,False,Green
41,ALO,6,91.652,185.493,SOFT,11,False,Green
41,SAI,7,91.427,186.189,HARD,15,False,Green
41,PER,8,91.391,186.703,SOFT,13,False,Green
41,ALB,9,91.273,187.229,SOFT,13,False,Green
41,LEC,10,91.286,187.829,MEDIUM,9,False,Green
41,STR,11,91.707,188.975,SOFT,13,False,Green
41,GAS,12,91.827,189.771,SOFT,13,False,Green
41,SAR,13,91.84,190.535,SOFT,12,False,Green
41,BOT,14,92.229,191.304,SOFT,9,False,Green
41,HUL,15,92.104,192.156,SOFT,9,False,Green
41,TSU,16,93.321,192.938,SOFT,9,False,Green
41,DEV,17,92.65,193.65,SOFT,9,False,Green
41,ZHO,18,92.655,194.139,SOFT,8,False,Green
42,VER,1,90.275,0.0,SOFT,12,False,Green
42,NOR,2,90.922,16.352,HARD,9,False,Green
42,HAM,3,91.042,30.786,SOFT,12,False,Green
42,PIA,4,91.178,183.932,HARD,13,False,Green
42,RUS,5,91.188,185.003,MEDIUM,14,False,Green
42,ALO,6,91.829,187.047,SOFT,12,False,Green
42,SAI,7,91.643,187.557,HARD,16,False,Green
42,PER,8,91.716,188.144,SOFT,14,False,Green
42,ALB,9,91.879,188.833,SOFT,14,False,Green
42,LEC,10,91.926,189.48,MEDIUM,10,False,Green
42,STR,11,91.508,190.208,SOFT,14,False,Green
42,GAS,12,91.539,191.035,SOFT,14,False,Green
42,SAR,13,91.699,191.959,SOFT,13,False,Green
42,BOT,14,91.902,192.931,SOFT,10,False,Green
42,HUL,15,92.097,193.978,SOFT,10,False,Green
42,TSU,16,92.306,194.969,SOFT,10,False,Green
42,DEV,17,92.369,195.744,SOFT,10,False,Green
42,ZHO,18,92.243,196.107,SOFT,9,False,Green
43,VER,1,90.535,0.0,SOFT,13,False,Green
43,NOR,2,90.543,16.36,HARD,10,False,Green
43,HAM,3,90.545,30.796,SOFT,13,False,Green
43,PIA,4,91.011,184.408,HARD,14,False,Green
43,RUS,5,91.231,185.699,MEDIUM,15,False,Green
43,ALO,6,91.747,188.259,SOFT,13,False,Green
43,PER,7,92.005,189.614,SOFT,15,False,Green
43,SAI,8,92.89,189.912,HARD,17,False,Green
43,ALB,9,91.752,190.05,SOFT,15,False,Green
43,LEC,10,92.052,190.997,MEDIUM,11,False,Green
43,STR,11,91.803,191.476,SOFT,15,False,Green
43,GAS,12,91.648,192.148,SOFT,15,False,Green
43,SAR,13,91.743,193.167,SOFT,14,False,Green
43,BOT,14,92.047,194.443,SOFT,11,False,Green
43,HUL,15,92.325,195.768,SOFT,11,False,Green
43,TSU,16,92.572,197.006,SOFT,11,False,Green
43,DEV,17,92.516,197.725,SOFT,11,False,Green
43,ZHO,18,92.645,198.217,SOFT,10,False,Green
44,VER,1,90.648,0.0,SOFT,14,False,Green
44,NOR,2,90.786,16.498,HARD,11,False,Green
44,HAM,3,91.589,31.737,SOFT,14,False,Green
44,PIA,4,91.465,185.225,HARD,15,False,Green
44,RUS,5,91.568,186.619,MEDIUM,16,False,Green
44,ALO,6,92.131,189.742,SOFT,14,False,Green
44,PER,7,91.712,190.678,SOFT,16,False,Green
44,ALB,8,92.057,191.459,SOFT,16,False,Green
44,LEC,9,92.815,193.164,MEDIUM,12,False,Green
44,SAI,10,94.622,193.886,HARD,18,False,Green
44,GAS,11,92.862,194.362,SOFT,16,False,Green
44,STR,12,94.01,194.838,SOFT,16,False,Green
44,SAR,13,92.849,195.368,SOFT,15,False,Green
44,BOT,14,92.563,196.358,SOFT,12,False,Green
44,HUL,15,92.441,197.561,SOFT,12,False,Green
44,TSU,16,92.534,198.892,SOFT,12,False,Green
44,ZHO,17,92.789,200.358,SOFT,11,False,Green
44,DEV,18,94.017,201.094,SOFT,12,False,Green
45,VER,1,91.342,0.0,SOFT,15,False,Green
45,NOR,2,91.301,16.457,HARD,12,False,Green
45,HAM,3,91.359,31.754,SOFT,15,False,Green
45,PIA,4,91.406,185.289,HARD,16,False,Green
45,RUS,5,91.718,186.995,MEDIUM,17,False,Green
45,ALO,6,92.036,190.436,SOFT,15,False,Green
45,PER,7,91.571,190.907,SOFT,17,False,Green
45,ALB,8,92.146,192.263,SOFT,17,False,Green
45,LEC,9,91.9,193.722,MEDIUM,13,False,Green
45,SAI,10,92.606,195.15,HARD,19,False,Green
45,STR,11,93.008,196.504,SOFT,17,False,Green
45,SAR,12,92.724,196.75,SOFT,16,False,Green
45,BOT,13,93.177,198.193,SOFT,13,False,Green
45,HUL,14,92.534,198.753,SOFT,13,False,Green
45,GAS,15,96.665,199.685,SOFT,17,False,Green
45,TSU,16,92.494,200.044,SOFT,13,False,Green
45,ZHO,17,92.502,201.518,SOFT,12,False,Green
45,DEV,18,92.829,202.581,SOFT,13,False,Green
46,VER,1,91.114,0.0,SOFT,16,False,Green
46,NOR,2,91.094,16.437,HARD,13,False,Green
46,HAM,3,91.559,32.199,SOFT,16,False,Green
46,PIA,4,91.496,185.671,HARD,17,False,Green
46,RUS,5,91.984,187.865,MEDIUM,18,False,Green
46,PER,6,91.675,191.468,SOFT,18,False,Green
46,ALO,7,92.891,192.213,SOFT,16,False,Green
46,ALB,8,92.116,193.265,SOFT,18,False,Green
46,LEC,9,91.85,194.458,MEDIUM,14,False,Green
46,SAI,10,91.906,195.942,HARD,20,False,Green
46,STR,11,91.998,197.388,SOFT,18,False,Green
46,SAR,12,92.421,198.057,SOFT,17,False,Green
46,BOT,13,92.284,199.363,SOFT,14,False,Green
46,HUL,14,92.584,200.223,SOFT,14,False,Green
46,TSU,15,92.535,201.465,SOFT,14,False,Green
46,ZHO,16,92.329,202.733,SOFT,13,False,Green
46,DEV,17,92.716,204.183,SOFT,14,False,Green
47,VER,1,91.148,0.0,SOFT,17,False,Green
47,NOR,2,91.593,16.882,HARD,14,False,Green
47,HAM,3,91.248,32.299,SOFT,17,False,Green
47,PIA,4,91.427,185.95,HARD,18,False,Green
47,RUS,5,91.644,188.361,MEDIUM,19,False,Green
47,PER,6,91.505,191.825,SOFT,19,False,Green
47,ALO,7,91.828,192.893,SOFT,17,False,Green
47,ALB,8,91.537,193.654,SOFT,19,False,Green
47,LEC,9,91.36,194.67,MEDIUM,15,False,Green
47,SAI,10,91.592,196.386,HARD,21,False,Green
47,STR,11,91.768,198.008,SOFT,19,False,Green
47,SAR,12,91.868,198.777,SOFT,18,False,Green
47,BOT,13,92.079,200.294,SOFT,15,False,Green
47,HUL,14,92.101,201.176,SOFT,15,False,Green
47,TSU,15,92.291,202.608,SOFT,15,False,Green
47,ZHO,16,91.957,203.542,SOFT,14,False,Green
47,DEV,17,92.456,205.491,SOFT,15,False,Green
48,VER,1,91.4,0.0,SOFT,18,False,Green
48,NOR,2,91.36,16.842,HARD,15,False,Green
48,HAM,3,91.152,32.051,SOFT,18,False,Green
48,PIA,4,91.159,185.709,HARD,19,False,Green
48,RUS,5,91.569,188.53,MEDIUM,20,False,Green
48,PER,6,91.209,191.634,SOFT,20,False,Green
48,ALO,7,91.338,192.831,SOFT,18,False,Green
48,ALB,8,91.466,193.72,SOFT,20,False,Green
48,LEC,9,91.255,194.525,MEDIUM,16,False,Green
48,SAI,10,91.438,196.424,HARD,22,False,Green
48,STR,11,91.745,198.353,SOFT,20,False,Green
48,SAR,12,91.71,199.087,SOFT,19,False,Green
48,BOT,13,91.974,200.868,SOFT,16,False,Green
48,HUL,14,92.06,201.836,SOFT,16,False,Green
48,TSU,15,92.084,203.292,SOFT,16,False,Green
48,ZHO,16,91.769,203.911,SOFT,15,False,Green
48,DEV,17,92.353,206.444,SOFT,16,False,Green
49,VER,1,91.218,0.0,SOFT,19,False,Green
49,NOR,2,91.02,16.644,HARD,16,False,Green
49,HAM,3,91.286,32.119,SOFT,19,False,Green
49,PIA,4,91.422,185.913,HARD,20,False,Green
49,RUS,5,91.612,188.924,MEDIUM,21,False,Green
49,PER,6,91.36,191.776,SOFT,21,False,Green
49,ALO,7,92.075,193.688,SOFT,19,False,Green
49,ALB,8,91.912,194.414,SOFT,21,False,Green
49,LEC,9,91.781,195.088,MEDIUM,17,False,Green
49,SAI,10,91.723,196.929,HARD,23,False,Green
49,STR,11,91.86,198.995,SOFT,21,False,Green
49,SAR,12,91.873,199.742,SOFT,20,False,Green
49,BOT,13,92.167,201.817,SOFT,17,False,Green
49,HUL,14,92.08,202.698,SOFT,17,False,Green
49,TSU,15,92.504,204.578,SOFT,17,False,Green
49,ZHO,16,92.599,205.292,SOFT,16,False,Green
49,DEV,17,92.54,207.766,SOFT,17,False,Green
50,VER,1,91.292,0.0,SOFT,20,False,Green
50,NOR,2,91.56,16.912,HARD,17,False,Green
50,HAM,3,91.526,32.353,SOFT,20,False,Green
50,PIA,4,91.752,186.373,HARD,21,False,Green
50,RUS,5,91.421,189.053,MEDIUM,22,False,Green
50,PER,6,91.139,191.623,SOFT,22,False,Green
50,ALO,7,91.999,194.395,SOFT,20,False,Green
50,ALB,8,91.86,194.982,SOFT,22,False,Green
50,LEC,9,91.716,195.512,MEDIUM,18,False,Green
50,SAI,10,91.408,197.045,HARD,24,False,Green
50,STR,11,91.794,199.497,SOFT,22,False,Green
50,SAR,12,92.085,200.535,SOFT,21,False,Green
50,BOT,13,92.163,202.688,SOFT,18,False,Green
50,HUL,14,92.158,203.564,SOFT,18,False,Green
50,TSU,15,92.79,206.076,SOFT,18,False,Green
50,ZHO,16,92.459,206.459,SOFT,17,False,Green
50,DEV,17,92.632,209.106,SOFT,18,False,Green
51,VER,1,91.397,0.0,SOFT,21,False,Green
51,NOR,2,91.077,16.592,HARD,18,False,Green
51,HAM,3,91.703,32.659,SOFT,21,False,Green
51,PIA,4,91.305,186.281,HARD,22,False,Green
51,RUS,5,91.563,189.219,MEDIUM,23,False,Green
51,PER,6,90.914,191.14,SOFT,23,False,Green
51,ALO,7,91.93,194.928,SOFT,21,False,Green
51,ALB,8,91.93,195.515,SOFT,23,False,Green
51,LEC,9,91.763,195.878,MEDIUM,19,False,Green
51,SAI,10,91.366,197.014,HARD,25,False,Green
51,STR,11,91.691,199.791,SOFT,23,False,Green
51,SAR,12,91.956,201.094,SOFT,22,False,Green
51,BOT,13,92.133,203.424,SOFT,19,False,Green
51,HUL,14,92.166,204.333,SOFT,19,False,Green
51,ZHO,15,92.09,207.152,SOFT,18,False,Green
51,TSU,16,93.212,207.891,SOFT,19,False,Green
51,DEV,17,92.445,210.154,SOFT,19,False,Green
52,VER,1,90.975,0.0,SOFT,22,False,Green
52,NOR,2,91.251,16.868,HARD,19,False,Green
52,HAM,3,91.823,33.507,SOFT,22,False,Green
52,PIA,4,90.941,186.247,HARD,23,False,Green
52,RUS,5,91.433,189.677,MEDIUM,24,False,Green
52,PER,6,91.188,191.353,SOFT,24,False,Green
52,ALO,7,91.711,195.664,SOFT,22,False,Green
52,ALB,8,91.809,196.349,SOFT,24,False,Green
52,LEC,9,92.257,197.16,MEDIUM,20,False,Green
52,SAI,10,91.88,197.919,HARD,26,False,Green
52,STR,11,92.138,200.954,SOFT,24,False,Green
52,SAR,12,91.984,202.103,SOFT,23,False,Green
52,BOT,13,91.852,204.301,SOFT,20,False,Green
52,HUL,14,91.776,205.134,SOFT,20,False,Green
52,ZHO,15,92.114,208.291,SOFT,19,False,Green
52,TSU,16,92.78,209.696,SOFT,20,False,Green
52,DEV,17,92.42,211.599,SOFT,20,False,Green
